INSERT INTO photo (id, file_name)
VALUES (1000000001, 'v3_0267703.jpg'),
       (1000000002, 'v3_0050626.jpg'),
       (1000000003, 'v3_0324876.jpg'),
       (1000000004, 'v3_0506242.jpg'),
       (1000000005, 'v3_0763323.jpg'),
       (1000000006, 'v3_0386621.jpg'),
       (1000000007, 'v3_0963810.jpg'),
       (1000000008, 'v3_0946576.jpg'),
       (1000000009, 'v3_0750258.jpg'),
       (1000000010, 'v3_0217328.jpg'),
       (1000000011, 'v3_0227759.jpg'),
       (1000000012, 'v3_0816643.jpg'),
       (1000000013, 'v3_0159954.jpg'),
       (1000000014, 'v3_0188147.jpg'),
       (1000000015, 'v3_0499811.jpg'),
       (1000000016, 'v3_0335319.jpg'),
       (1000000017, 'v3_0318274.jpg'),
       (1000000018, 'v3_0718569.jpg'),
       (1000000019, 'v3_0268807.jpg'),
       (1000000020, 'v3_0564826.jpg'),
       (1000000021, 'istockphoto-964220534-612x612.jpg'),
       (1000000022, 'world-map-weather-forecast-vector-illustration-36632363.jpg'),
       (1000000023, '1000_F_281123175_NJ6egvW5zgQTCotqXAcAI7jF6wXEtob7.jpg'),
       (1000000024, 'saber-flat-3.jpg'),
       (1000000025, 'tesla-model-x-facelift-2-b340665.jpg'),
       (1000000026, 'avatar-64b7dab8d4295ce9938c82f1ba17a231.jpg'),
       (1000000027, 'avatar-48a49e66dab4a545c03180cba1895401.jpg'),
       (1000000028, 'avatar-645f92547d76872faf7bbf448b0131a6.jpg'),
       (1000000029, 'avatar-20e4ff169fac32373c6d9dbc32ccba46.jpg'),
       (1000000030, 'FaceDetect.jpg'),
       (1000000031, 'AlamyArduinoCar.jpg'),
       (1000000032, 'GelElectroPhoresis.jpg'),
       (1000000033, 'GameTheory.jpg');


INSERT INTO profile (id, name, surname, bio, photo_id)
VALUES (1000000001, 'Roman', 'Pawlak', 'Programer in a software house, sometimes i try my skills in electronics.', 1000000001),
       (1000000002, 'Łukasz', 'Woźniak', 'Fullstack developer. I know some about programing.', 1000000002),
       (1000000003, 'Mateusz', 'Kubiak', 'Interested in repairing electronics.', 1000000003),
       (1000000004, 'Andrzej', 'Szewczyk', 'Biotechnology student, looking for interesting projects to participate in.', 1000000004),
       (1000000005, 'Igor', 'Lis', 'I like to create cool stuff from all kinds of material.', 1000000005),
       (1000000006, 'Ryszard', 'Sokołowski', '', 1000000006),
       (1000000007, 'Cezary', 'Kamiński', 'Mechanic enthusiast looking for interesting car projects', 1000000007),
       (1000000008, 'Jędrzej', 'Maciejewski', 'Self-taught programmer and electronics enthusiast.', 1000000008),
       (1000000009, 'Artur', 'Chmielewski', '', 1000000009),
       (1000000010, 'Józef', 'Woźniak', 'Looking for interesting projects in my interest', 1000000010),
       (1000000011, 'Patrycja', 'Mróz', '', 1000000011),
       (1000000012, 'Cezary', 'Kowalczyk', '', 1000000012),
       (1000000013, 'Łucja', 'Szewczyk', '', 1000000013),
       (1000000014, 'Lidia', 'Kucharska', '', 1000000014),
       (1000000015, 'Łucja', 'Ostrowska', '', 1000000015),
       (1000000016, 'Florencja', 'Zalewska', '', 1000000016),
       (1000000017, 'Zuza', 'Gajewska', '', 1000000017),
       (1000000018, 'Ilona', 'Wysocka', '', 1000000018),
       (1000000019, 'Kamila', 'Wasilewska', '', 1000000019),
       (1000000020, 'Małgorzata', 'Lis', '', 1000000020),
       (1000000021, 'Karolina', 'Budych', '', NULL),
       (1000000022, 'Norbert', 'Lis', '', NULL),
       (1000000023, 'Eugeniusz', 'Kwiatkowski', 'I am a Computer Science Professor', 1000000026),
       (1000000024, 'Amanda', 'Wesołkowska', 'Hey, Im a single mother currently working on my biotechnology projects :)', 1000000027),
       (1000000025, 'Stefan', 'Rogala', 'Games theory and algebraic geometry teacher.', 1000000028),
       (1000000026, 'Dawid', 'Radoła', '', NULL),
       (1000000027, 'Oskar', 'Borkowski', 'Hey pal, I love to focus on my hobby regarding electronics.', 1000000029),
       (1000000028, 'Stanisław', 'Serowski', '', NULL),
       (1000000029, 'Lara', 'Górska', '', NULL),
       (1000000030, 'Izabela', 'Mazur', '', NULL);


INSERT INTO "user" (id, username, email, password, creation_date, user_role, locked, enabled, profile_id, email_notification)
VALUES (1000000001, 'interpretation12', 'pawlak@email.com', '$2a$12$gQxSR.73P7eltqUf/cx3BuWhdQRI/19wkr11rjHVBkK6YlVdyHAlS', '2022-05-24 00:00:00.000000', 'USER', false, true, 1000000001, true),
       (1000000002, 'holiday7', 'oweniak@email.com', '$2a$12$lueNs8iJ40g62.LBNIhKROVUWsIN8HSYNxDskX6iFOuYU/vIIn3we', '2022-05-24 00:00:00.000000', 'USER', false, true, 1000000002, true),
       (1000000003, 'learn134', 'mateuszTale@email.com', '$2a$12$lmAFb9EvWqCHrS3QDhy5SO9rZxQFTpFYX.a6qUuNpe3Zz.Sj7cgAa', '2022-05-24 00:00:00.000000', 'USER', false, true, 1000000003, true),
       (1000000004, 'sir16', 'andrzejByte@email.com', '$2a$12$74ynHsxeK9gclYob6YFPmee0SjWes0/qb9MiCW0NQi50e0ddeyZRi', '2022-05-24 00:00:00.000000', 'USER', false, true, 1000000004, true),
       (1000000005, 'figure131', 'linoLis@email.com', '$2a$12$UJcuug1LmvHwHNYkl.Rwie4Z7YjQeXgrxN9CaSyd33j1D/jf3uPnu', '2022-05-24 00:00:00.000000', 'USER', false, true, 1000000005, true),
       (1000000006, 'final55', 'sokouwski@email.com', '$2a$12$OKlk.dT.j1GaZWnYNwjTsO8vUnuT35EdK9jcSAKaRkK3vcs2z7wiq', '2022-05-24 00:00:00.000000', 'USER', false, true, 1000000006, true),
       (1000000007, 'at51', 'storyCezary@email.com', '$2a$12$aiZnJ2C6qGtAeiPBRla6BOZU/XmU1e0OBdSeZKpC6rPEGJ4i4.6be', '2022-05-24 00:00:00.000000', 'USER', false, true, 1000000007, true),
       (1000000008, 'powder12', 'jędrzejFly@email.com', '$2a$12$LBmzn4GL0hxB.LOr.iOvFeea.zSAQ3.oY3TVVol3L0srBCxtXwLrm', '2022-05-24 00:00:00.000000', 'USER', false, true, 1000000008, true),
       (1000000009, 'decision83', 'laoartur@email.com', '$2a$12$gyIWjG9zCuPXqWdF3JqyzOtV0X90zV2MZamyZpAMZuRWtCfKSoDkO', '2022-05-24 00:00:00.000000', 'USER', false, true, 1000000009, true),
       (1000000010, 'extension20', 'woeniak@email.com', '$2a$12$balOMjact2AToBsl.7P9WOuRM3kYlsj0.t09sQaxKJZIp4LEcuVxS', '2022-05-24 00:00:00.000000', 'USER', false, true, 1000000010, true),
       (1000000011, 'greatest32', 'openesmróz@email.com', '$2a$12$D2CNN2kacQd4DQHyOjVza.8Jja/UvryIeEFtM9X4prbHm906BwEmu', '2022-05-24 00:00:00.000000', 'USER', false, true, 1000000011, true),
       (1000000012, 'youth21', 'cezaryco@email.com', '$2a$12$JCorBSyFhnFn4VlSV.jWYOJgS6fW1Do0zCq.7g6nrZnKw8Iiq6Em.', '2022-05-24 00:00:00.000000', 'USER', false, true, 1000000012, true),
       (1000000013, 'possible118', 'unouucja@email.com', '$2a$12$XrI/RqM198nrsVVBsvpi0un7.Cw8Aj9zJq.UTDdZkSYIsIvXTgLT2', '2022-05-24 00:00:00.000000', 'USER', false, true, 1000000013, true),
       (1000000014, 'fifth23', 'kredlidia@email.com', '$2a$12$jq4Qs0X97M58FXLzip32ZekMEHStIi0R7aGBpkHOj3k/rzCaIDUAO', '2022-05-24 00:00:00.000000', 'USER', false, true, 1000000014, true),
       (1000000015, 'economist101', 'hopeuucja@email.com', '$2a$12$qNPGh6FBBLMuCB8dcbOOPeVZt741gH8eMbMLOgejaZL4uo.fAxXIm', '2022-05-24 00:00:00.000000', 'USER', false, true, 1000000015, true),
       (1000000016, 'run134', 'zalewska@email.com', '$2a$12$pbicD9uyyYbvQmuXC8YvKeWckvMwyRQb4KiA/2.UVSTCJckvWYQt2', '2022-05-24 00:00:00.000000', 'USER', false, true, 1000000016, true),
       (1000000017, 'although14', 'zuzahiro@email.com', '$2a$12$76OITqaoFi1kEb4VWWOdKOM0F3Gmpn28.R0lsOOWs4bcke62Ngala', '2022-05-24 00:00:00.000000', 'USER', false, true, 1000000017, true),
       (1000000018, 'intention', 'sedonaIlona@email.com', '$2a$12$I/Pz7JV04XgvS7X8axmRHOLH0ux7sbfpYrpnVJUyw2.rO9iK6b.ny', '2022-05-24 00:00:00.000000', 'USER', false, true, 1000000018, true),
       (1000000019, 'cooperation113', 'karKamila@email.com', '$2a$12$SfxLqAD9FFPuNZzaHBvKcu2C9LketCGA6L0aEVdMj4QHCN6NgYTnK', '2022-05-24 00:00:00.000000', 'USER', false, true, 1000000019, true),
       (1000000020, 'measure88', 'livelis@email.com', '$2a$12$Oqa3msIWE./5f9S90Nuucuo4vbr/O70bi5BPFdnC3RhgadZn.sPCO', '2022-05-24 00:00:00.000000', 'USER', false, true, 1000000020, true),
       (1000000021, 'Bjudytymia', 'kbudych@email.com', '$2a$12$CtSdtTZgvQpw48GlzyefjOEx1/g7QdupTo/kSseqYewZhCeW3ZfEq', '2022-05-24 00:00:00.000000', 'USER', false, true, 1000000021, true),
       (1000000022, 'Norbissimo55', 'lnorbiss@email.com', '$2a$12$.XOtrwdm4m9AjIHufGVp4e4mV0kyMbdzcO.aQwZkmsry6vyM2wFNy', '2022-05-24 00:00:00.000000', 'USER', false, true, 1000000022, true),
       (1000000023, 'Eduliritypya', 'eugeniusz.kwiatkowski@email.com', '$2a$12$FI8pLcTxYVR.Yid8K/4eDefge12vCuzHDB7km9V0Smx6X6neuLAQ6', '2022-05-24 00:00:00.000000', 'USER', false, true, 1000000023, true),
       (1000000024, 'Adycosezafaa', 'awesolo@email.com', '$2a$12$Fv2gFHhAXFiff8Xs6tA8qugHYBjHs4MfF8PUJqIKbAoCIVOeDuNni', '2022-05-24 00:00:00.000000', 'USER', false, true, 1000000024, true),
       (1000000025, 'rogalsonnn17', 'srogala@email.com', '$2a$12$n.HLQNo7Vb4oGGvRpWnsEetQRXqgVqD8T6r5CY3mhqnozklqMj9p2', '2022-05-24 00:00:00.000000', 'USER', false, true, 1000000025, true),
       (1000000026, 'DawidRadosny11', 'dradola@email.com', '$2a$12$2jcLNzgQti.l.0.B2LSLAOYgMg.mJm6gRyYtE9GRxZMqKld8wu.4C', '2022-05-24 00:00:00.000000', 'USER', false, true, 1000000026, true),
       (1000000027, 'OskarZBorowa', 'oborkowski@email.com', '$2a$12$H.XGQmIJmkCc0NX06J/.juaPlT5a1Ls6JmMkfQ9jxYHw1ZJgff332', '2022-05-24 00:00:00.000000', 'USER', false, true, 1000000027, true),
       (1000000028, 'SerekStanislaw', 'sserowski@email.com', '$2a$12$ppOyw9tILjjEafe3URGOL.2FoNLeqfqZCHkqSJfcMCEEXMicKUUGC', '2022-05-24 00:00:00.000000', 'USER', false, true, 1000000028, true),
       (1000000029, 'Podgorka88', 'pagorka@email.com', '$2a$12$o1sFzwtm3zx3X0PHCv8omOpoMA2Ty0y9k9Q0OYfB2l/vAt4cs..8C', '2022-05-24 00:00:00.000000', 'USER', false, true, 1000000029, true),
       (1000000030, 'namazuraa', 'imazur@email.com', '$2a$12$kwIRcDP8RXPawTqhgRsWLOPGN1p79rskq4lvU12BfYyUjmtwM05zO', '2022-05-24 00:00:00.000000', 'USER', false, true, 1000000030, true);

INSERT INTO "activation_token" (id, token, created, expired, confirmed, user_id)
VALUES (1000000001, '34dc9874-a691-42eb-8ae8-5f9b55a31a01', '2022-05-25 00:00:00.000000', '2077-01-01 00:00:00.000000', '2022-05-26 00:00:00.000000',1000000001),
       (1000000002, '34dc9874-a691-42eb-8ae8-5f9b55a31a02', '2022-05-25 00:00:00.000000', '2077-01-01 00:00:00.000000', '2022-05-26 00:00:00.000000',1000000002),
       (1000000003, '34dc9874-a691-42eb-8ae8-5f9b55a31a03', '2022-05-25 00:00:00.000000', '2077-01-01 00:00:00.000000', '2022-05-26 00:00:00.000000',1000000003),
       (1000000004, '34dc9874-a691-42eb-8ae8-5f9b55a31a04', '2022-05-25 00:00:00.000000', '2077-01-01 00:00:00.000000', '2022-05-26 00:00:00.000000',1000000004),
       (1000000005, '34dc9874-a691-42eb-8ae8-5f9b55a31a05', '2022-05-25 00:00:00.000000', '2077-01-01 00:00:00.000000', '2022-05-26 00:00:00.000000',1000000005),
       (1000000006, '34dc9874-a691-42eb-8ae8-5f9b55a31a06', '2022-05-25 00:00:00.000000', '2077-01-01 00:00:00.000000', '2022-05-26 00:00:00.000000',1000000006),
       (1000000007, '34dc9874-a691-42eb-8ae8-5f9b55a31a07', '2022-05-25 00:00:00.000000', '2077-01-01 00:00:00.000000', '2022-05-26 00:00:00.000000',1000000007),
       (1000000008, '34dc9874-a691-42eb-8ae8-5f9b55a31a08', '2022-05-25 00:00:00.000000', '2077-01-01 00:00:00.000000', '2022-05-26 00:00:00.000000',1000000008),
       (1000000009, '34dc9874-a691-42eb-8ae8-5f9b55a31a09', '2022-05-25 00:00:00.000000', '2077-01-01 00:00:00.000000', '2022-05-26 00:00:00.000000',1000000009),
       (1000000010, '34dc9874-a691-42eb-8ae8-5f9b55a31a10', '2022-05-25 00:00:00.000000', '2077-01-01 00:00:00.000000', '2022-05-26 00:00:00.000000',1000000010),
       (1000000011, '34dc9874-a691-42eb-8ae8-5f9b55a31a11', '2022-05-25 00:00:00.000000', '2077-01-01 00:00:00.000000', '2022-05-26 00:00:00.000000',1000000011),
       (1000000012, '34dc9874-a691-42eb-8ae8-5f9b55a31a12', '2022-05-25 00:00:00.000000', '2077-01-01 00:00:00.000000', '2022-05-26 00:00:00.000000',1000000012),
       (1000000013, '34dc9874-a691-42eb-8ae8-5f9b55a31a13', '2022-05-25 00:00:00.000000', '2077-01-01 00:00:00.000000', '2022-05-26 00:00:00.000000',1000000013),
       (1000000014, '34dc9874-a691-42eb-8ae8-5f9b55a31a14', '2022-05-25 00:00:00.000000', '2077-01-01 00:00:00.000000', '2022-05-26 00:00:00.000000',1000000014),
       (1000000015, '34dc9874-a691-42eb-8ae8-5f9b55a31a15', '2022-05-25 00:00:00.000000', '2077-01-01 00:00:00.000000', '2022-05-26 00:00:00.000000',1000000015),
       (1000000016, '34dc9874-a691-42eb-8ae8-5f9b55a31a16', '2022-05-25 00:00:00.000000', '2077-01-01 00:00:00.000000', '2022-05-26 00:00:00.000000',1000000016),
       (1000000017, '34dc9874-a691-42eb-8ae8-5f9b55a31a17', '2022-05-25 00:00:00.000000', '2077-01-01 00:00:00.000000', '2022-05-26 00:00:00.000000',1000000017),
       (1000000018, '34dc9874-a691-42eb-8ae8-5f9b55a31a18', '2022-05-25 00:00:00.000000', '2077-01-01 00:00:00.000000', '2022-05-26 00:00:00.000000',1000000018),
       (1000000019, '34dc9874-a691-42eb-8ae8-5f9b55a31a19', '2022-05-25 00:00:00.000000', '2077-01-01 00:00:00.000000', '2022-05-26 00:00:00.000000',1000000019),
       (1000000020, '34dc9874-a691-42eb-8ae8-5f9b55a31a20', '2022-05-25 00:00:00.000000', '2077-01-01 00:00:00.000000', '2022-05-26 00:00:00.000000',1000000020),
       (1000000021, '34dc9874-a691-42eb-8ae8-5f9b55a31a21', '2022-05-25 00:00:00.000000', '2077-01-01 00:00:00.000000', '2022-05-26 00:00:00.000000',1000000021),
       (1000000022, '34dc9874-a691-42eb-8ae8-5f9b55a31a22', '2022-05-25 00:00:00.000000', '2077-01-01 00:00:00.000000', '2022-05-26 00:00:00.000000',1000000022),
       (1000000023, '34dc9874-a691-42eb-8ae8-5f9b55a31a23', '2022-05-25 00:00:00.000000', '2077-01-01 00:00:00.000000', '2022-05-26 00:00:00.000000',1000000023),
       (1000000024, '34dc9874-a691-42eb-8ae8-5f9b55a31a24', '2022-05-25 00:00:00.000000', '2077-01-01 00:00:00.000000', '2022-05-26 00:00:00.000000',1000000024),
       (1000000025, '34dc9874-a691-42eb-8ae8-5f9b55a31a25', '2022-05-25 00:00:00.000000', '2077-01-01 00:00:00.000000', '2022-05-26 00:00:00.000000',1000000025),
       (1000000026, '34dc9874-a691-42eb-8ae8-5f9b55a31a26', '2022-05-25 00:00:00.000000', '2077-01-01 00:00:00.000000', '2022-05-26 00:00:00.000000',1000000026),
       (1000000027, '34dc9874-a691-42eb-8ae8-5f9b55a31a27', '2022-05-25 00:00:00.000000', '2077-01-01 00:00:00.000000', '2022-05-26 00:00:00.000000',1000000027),
       (1000000028, '34dc9874-a691-42eb-8ae8-5f9b55a31a28', '2022-05-25 00:00:00.000000', '2077-01-01 00:00:00.000000', '2022-05-26 00:00:00.000000',1000000028),
       (1000000029, '34dc9874-a691-42eb-8ae8-5f9b55a31a29', '2022-05-25 00:00:00.000000', '2077-01-01 00:00:00.000000', '2022-05-26 00:00:00.000000',1000000029),
       (1000000030, '34dc9874-a691-42eb-8ae8-5f9b55a31a30', '2022-05-25 00:00:00.000000', '2077-01-01 00:00:00.000000', '2022-05-26 00:00:00.000000',1000000030);


INSERT INTO project (id, project_name, project_description, creation_date, project_status, project_creator, photo_id, project_access, project_introduction, youtube_link, facebook_link, github_link, kickstarter_link)
VALUES (1000000001, 'Creating a robodog', '', '2022-05-25 00:00:00.000000', 'OPEN', 1000000016, 1000000021, 'PUBLIC', 'The project aims to create a robotic dog. This robot would move with the help of electric motors and perform movements with the use of a remote controlled by arduino. The skeleton was styled to move as closely as possible to an animal using plastics to reduce weight .', '', '', '', ''),
       (1000000002, 'Creating a interactive weather map', '', '2022-05-25 00:00:00.000000', 'OPEN', 1000000009, 1000000022, 'PUBLIC', 'We want to create an interactive version of the world weather map, it is to show the weather data to the user depending on the selected view mode. And inform in an interactive way about what is happening in the world and what are the weather forecasts in different regions of the world.', '', '', '', ''),
       (1000000003, 'Educational application about our planet and the solar system', '', '2022-05-25 00:00:00.000000', 'OPEN', 1000000013, 1000000023, 'PUBLIC', 'The idea is to create an application to interest the subject of the earth and our planetary system in the most detailed way possible. And that the information is provided in an accessible way.', '', '', '', ''),
       (1000000004, 'Improvments for tesla car', '', '2022-05-25 00:00:00.000000', 'OPEN', 1000000007, 1000000025, 'PUBLIC', 'The project is to find problems related to an automatic tesla car or to find ways to improve the car. The fixes are meant to be a suggestion for developers and help other users in a useful way or to improve some aspects of using this car.', '', '', '', ''),
       (1000000005, 'Creating a lightsaber', '', '2022-05-25 00:00:00.000000', 'OPEN', 1000000005, 1000000024, 'PUBLIC', 'Everyones dream was to own or build a lightsaber. We are going to create the most faithful copy of the original idea from the know series star wars.', '', '', '', ''),
       (1000000006, 'Face Detection', 'Face detection is still imperfect. We want to improve that in every field it''s lacking today, that''s why we created this project. Face detection from different angles should be as fast and accurate as it is from the front. We are using C++ with Library OpenGL2 for the quickest face detection. Our application is going to change face recognition as it is now.', '2022-05-25 00:00:00.000000', 'OPEN', 1000000023, 1000000030, 'PUBLIC', 'This is a project regarding face detection. We want our application to recognize faces as fast as possible using Python.', '', '', '', ''),
       (1000000007, 'Mini Car', 'Hello, we are just people with little knowledge diving into the world of electronics. We wanted to start small so we are trying to make a Mini Car. We are making the progress slowly, but we make a progress each day. If you would like to also collaborate with us message the owner of this project. This project is done using Arduino.', '2022-05-25 00:00:00.000000', 'OPEN', 1000000027, 1000000031, 'PUBLIC', 'Hello, we are trying to make a simple car that is controllable by remote using Arduino.', '', '', '', ''),
       (1000000008, 'DNA identification', '', '2022-05-25 00:00:00.000000', 'OPEN', 1000000024, 1000000032, 'PUBLIC', 'We check the particles using gel electrophoresis.', '', '', '', ''),
       (1000000009, 'Game theory and algebraic geometry', '', '2022-05-25 00:00:00.000000', 'OPEN', 1000000025, 1000000033, 'PUBLIC', 'The Nash Equilibrium is a famous achievement in mathematics and economics. The aim of this project is to investigate the relationship between game theory and algebraic geometry.', '', '', '', '');


INSERT INTO conversation (id, first_user_id, second_user_id)
VALUES (1000000001, 1000000007, 1000000020),
       (1000000002, 1000000009, 1000000002),
       (1000000003, 1000000016, 1000000012),
       (1000000004, 1000000013, 1000000001),
       (1000000005, 1000000005, 1000000015),
       (1000000006, 1000000023, 1000000022),
       (1000000007, 1000000029, 1000000027);


INSERT INTO message (id, content, message_date, conversation_id, author_id)
VALUES (1000000001, 'Ive uploaded a file where you can write ideas or issues about the tesla.', '2022-05-25 00:00:00.000000', 1000000001, 1000000007),
       (1000000002, 'For now it can be a simple text file but later it would be better to come up with something different, and more professional.', '2022-05-25 00:00:00.000000', 1000000001, 1000000020),
       (1000000003, 'Yes i know, i was thinking about tasks but it can be discussed how we want to approach it.', '2022-05-25 00:00:00.000000', 1000000001, 1000000007),
       (1000000004, 'Hey i saw your request to add you to the project.', '2022-05-25 00:00:00.000000', 1000000002, 1000000009),
       (1000000005, 'Yes i saw your project in my recommendations, and it looked interesting can you say something more about it?', '2022-05-25 00:00:00.000000', 1000000002, 1000000002),
       (1000000006, 'I think the project is public and you can look it up but sure.', '2022-05-25 00:00:00.000000', 1000000002, 1000000009),
       (1000000007, 'Simple put its a project were we will be creating a application, a web service were you can see in real time the weather on the planet.', '2022-05-25 00:00:00.000000', 1000000002, 1000000009),
       (1000000008, 'You will be able to see the newest changes for your location.', '2022-05-25 00:00:00.000000', 1000000002, 1000000009),
       (1000000009, 'Sounds interesting i have some experience in working on webapps.', '2022-05-25 00:00:00.000000', 1000000002, 1000000002),
       (1000000010, 'Very nice it would be helpful, for now we are working on a general sketch of the application and how it should work.', '2022-05-25 00:00:00.000000', 1000000002, 1000000009),
       (1000000011, 'Hey could your checkout what motors and core parts we would need for the robodog to function properly?', '2022-05-25 00:00:00.000000', 1000000003, 1000000016),
       (1000000012, 'Yes sure i will search for it.', '2022-05-25 00:00:00.000000', 1000000003, 1000000012),
       (1000000013, 'Do we know the requirements like weight strength of the motor?', '2022-05-25 00:00:00.000000', 1000000003, 1000000012),
       (1000000014, 'Not yet, it is more to find out what we more or less need to have a basic movement for the robot.', '2022-05-25 00:00:00.000000', 1000000003, 1000000016),
       (1000000015, 'Ah ok, sure i will link it later to you.', '2022-05-25 00:00:00.000000', 1000000003, 1000000012),
       (1000000016, 'Or maybe i can create a list, then we can discuss it later.', '2022-05-25 00:00:00.000000', 1000000003, 1000000012),
       (1000000017, 'Cool yeah that would be helpful to start a blueprint of what we need and what we are looking for.', '2022-05-25 00:00:00.000000', 1000000003, 1000000016),
       (1000000018, 'Hey i have created a task list i our project, check it if you want make some changes or add some on your own.', '2022-05-25 00:00:00.000000', 1000000004, 1000000013),
       (1000000019, 'Good i will check it out.', '2022-05-25 00:00:00.000000', 1000000004, 1000000001),
       (1000000020, 'Hi i saw your answer on the forum about project visibility, could you help me find it i dont see it in my project.', '2022-05-25 00:00:00.000000', 1000000005, 1000000005),
       (1000000021, 'oh Hi, sure you need to your project page.', '2022-05-25 00:00:00.000000', 1000000005, 1000000015),
       (1000000022, 'yes i am there.', '2022-05-25 00:00:00.000000', 1000000005, 1000000005),
       (1000000023, 'Now should see the settings button on the left side and click it.', '2022-05-25 00:00:00.000000', 1000000005, 1000000015),
       (1000000024, 'Done what now.', '2022-05-25 00:00:00.000000', 1000000005, 1000000005),
       (1000000025, 'You need to find edit project tab, there you have the information about your project, and there i think under introduction you can change the visibility private/protected/public', '2022-05-25 00:00:00.000000', 1000000005, 1000000015),
       (1000000026, 'Thank you, i found it now, i was looking i the wrong section thanks a lot.', '2022-05-25 00:00:00.000000', 1000000005, 1000000005),
       (1000000027, 'No problem good luck in your project.', '2022-05-25 00:00:00.000000', 1000000005, 1000000015),
       (1000000028, 'Hello Sir, have you finished the last task which has been marked?', '2022-05-25 00:00:00.000000', 1000000006, 1000000023),
       (1000000029, 'Yes Sir, I have gotten to the problem quickly.', '2022-05-25 00:00:00.000000', 1000000006, 1000000022),
       (1000000030, 'It was only a matter of seconds.', '2022-05-25 00:00:00.000000', 1000000006, 1000000022),
       (1000000031, 'Oh really? I thought this problem was of much bigger caliber.', '2022-05-25 00:00:00.000000', 1000000006, 1000000023),
       (1000000032, 'I guess it was really that simple when I look at it from the bigger picture.', '2022-05-25 00:00:00.000000', 1000000006, 1000000023),
       (1000000033, 'Okay, message me when you have ', '2022-05-25 00:00:00.000000', 1000000006, 1000000022),
       (1000000034, 'any further problems with your project', '2022-05-25 00:00:00.000000', 1000000006, 1000000022),
       (1000000035, 'Hi, I would like to join your project "Mini Car"', '2022-05-25 00:00:00.000000', 1000000007, 1000000029),
       (1000000036, 'is there any place still left?', '2022-05-25 00:00:00.000000', 1000000007, 1000000029),
       (1000000037, 'Hey, yes, but I do not think you would be a good fit for the team', '2022-05-25 00:00:00.000000', 1000000007, 1000000027),
       (1000000038, 'Do you have any experience in building things with arduino?', '2022-05-25 00:00:00.000000', 1000000007, 1000000027),
       (1000000039, 'No...', '2022-05-25 00:00:00.000000', 1000000007, 1000000029),
       (1000000040, 'But I would be a great emotional support :)', '2022-05-25 00:00:00.000000', 1000000007, 1000000029),
       (1000000041, 'Sorry but no, we only want professionals in our team', '2022-05-25 00:00:00.000000', 1000000007, 1000000027),
       (1000000042, 'Ok, then bye', '2022-05-25 00:00:00.000000', 1000000007, 1000000029),
       (1000000043, 'Bye', '2022-05-25 00:00:00.000000', 1000000007, 1000000027);


INSERT INTO friend (id, pending, first_user_id, second_user_id)
VALUES (1000000001, false, 1000000007, 1000000020),
       (1000000002, false, 1000000009, 1000000002),
       (1000000003, false, 1000000016, 1000000012),
       (1000000004, false, 1000000013, 1000000001),
       (1000000005, false, 1000000005, 1000000015),
       (1000000006, false, 1000000023, 1000000022),
       (1000000007, false, 1000000029, 1000000027),
       (1000000008, true, 1000000027, 1000000021);


INSERT INTO participant (id, user_id, project_id, participant_role, pending)
VALUES (1000000001, 1000000016, 1000000001, 'OWNER', false),
       (1000000002, 1000000001, 1000000001, 'MODERATOR', false),
       (1000000003, 1000000002, 1000000001, 'PARTICIPANT', false),
       (1000000004, 1000000014, 1000000001, 'PARTICIPANT', false),
       (1000000005, 1000000012, 1000000001, 'PARTICIPANT', true),
       (1000000006, 1000000009, 1000000002, 'OWNER', false),
       (1000000007, 1000000015, 1000000002, 'PARTICIPANT', false),
       (1000000008, 1000000002, 1000000002, 'MODERATOR', false),
       (1000000009, 1000000013, 1000000003, 'OWNER', false),
       (1000000010, 1000000001, 1000000003, 'PARTICIPANT', true),
       (1000000011, 1000000007, 1000000004, 'OWNER', false),
       (1000000012, 1000000020, 1000000004, 'PARTICIPANT', false),
       (1000000013, 1000000005, 1000000005, 'OWNER', false),
       (1000000014, 1000000021, 1000000006, 'PARTICIPANT', false),
       (1000000015, 1000000022, 1000000006, 'MODERATOR', false),
       (1000000016, 1000000023, 1000000006, 'OWNER', false),
       (1000000017, 1000000023, 1000000009, 'PARTICIPANT', false),
       (1000000018, 1000000024, 1000000008, 'OWNER', false),
       (1000000019, 1000000025, 1000000009, 'OWNER', false),
       (1000000020, 1000000026, 1000000007, 'PARTICIPANT', false),
       (1000000021, 1000000027, 1000000007, 'OWNER', false),
       (1000000022, 1000000028, 1000000006, 'PARTICIPANT', false),
       (1000000023, 1000000028, 1000000007, 'PARTICIPANT', false),
       (1000000024, 1000000029, 1000000008, 'PARTICIPANT', false),
       (1000000025, 1000000030, 1000000009, 'PARTICIPANT', false);


INSERT INTO task (id, task_name, task_description, task_status, creation_date, expiration_date, project_id, participant_id, team_id)
VALUES (1000000001, 'Initial idea', 'Discussion of the initial assumptions of the project', 'TODO', '2022-05-24 00:00:00.000000', '2022-05-25 00:00:00.000000', 1000000001, 1000000001, NULL),
       (1000000002, 'Get information', 'We need to know what type of weather informations are important for people', 'TODO', '2022-05-24 00:00:00.000000', '2022-05-25 00:00:00.000000', 1000000002, 1000000006, NULL),
       (1000000003, 'Working environment, programing language', 'We have to choose the environment and programming language in which we will work', 'TODO', '2022-05-24 00:00:00.000000', '2022-05-25 00:00:00.000000', 1000000003, 1000000009, NULL),
       (1000000004, 'Where should we focus first', 'It is important to decide were we should concentrate our efforts first, issues or improvemnts.', 'TODO', '2022-05-24 00:00:00.000000', '2022-05-25 00:00:00.000000', 1000000004, 1000000011, NULL),
       (1000000005, 'Ideas', 'Create a list of similar ideas and links to them', 'TODO', '2022-05-24 00:00:00.000000', '2022-05-25 00:00:00.000000', 1000000005, 1000000013, NULL),
       (1000000006, 'Fix the bug', 'Application stops when it recognizes a certain person', 'TODO', '2022-05-24 00:00:00.000000', '2022-05-25 00:00:00.000000', 1000000006, 1000000015, NULL),
       (1000000007, 'Multithreading problem', 'Application cannot do multithreading without locks', 'DONE', '2022-05-24 00:00:00.000000', '2022-05-25 00:00:00.000000', 1000000006, 1000000015, NULL),
       (1000000008, 'Dog problem', 'Application stops when it recognizes a dog', 'DONE', '2022-05-24 00:00:00.000000', '2022-05-25 00:00:00.000000', 1000000006, 1000000015, NULL),
       (1000000009, 'Monkey recognition', 'Application mistakes people for monkeys', 'DONE', '2022-05-24 00:00:00.000000', '2022-05-25 00:00:00.000000', 1000000006, 1000000015, NULL),
       (1000000010, 'Application randomly crashes', 'After turning camera on the application crashes', 'DONE', '2022-05-24 00:00:00.000000', '2022-05-25 00:00:00.000000', 1000000006, 1000000015, NULL),
       (1000000011, 'File does not exist', 'When trying to read "trojan.exe" the message "file not found" appears', 'DONE', '2022-05-24 00:00:00.000000', '2022-05-25 00:00:00.000000', 1000000006, 1000000015, NULL),
       (1000000012, 'Too big control delay', 'When pressed on a button the car reacts after 3 seconds', 'TODO', '2022-05-24 00:00:00.000000', '2022-05-25 00:00:00.000000', 1000000007, 1000000025, NULL),
       (1000000013, 'Random disconnects', 'Car randomly disconnects during usage', 'TODO', '2022-05-24 00:00:00.000000', '2022-05-25 00:00:00.000000', 1000000007, 1000000020, NULL),
       (1000000014, 'You have not made an update for one year', '', 'TODO', '2022-05-24 00:00:00.000000', '2022-05-25 00:00:00.000000', 1000000007, 1000000020, NULL),
       (1000000015, 'The car should be bigger', 'The car should be bigger so someone could ride in it', 'IN_PROGRESS', '2022-05-24 00:00:00.000000', '2022-05-25 00:00:00.000000', 1000000007, 1000000021, NULL),
       (1000000016, 'Parts are loose', 'Some parts are loose and cannot be fit properly', 'IN_PROGRESS', '2022-05-24 00:00:00.000000', '2022-05-25 00:00:00.000000', 1000000007, 1000000021, NULL),
       (1000000017, 'Battery is too small', 'Somehow we have to find a way for a longer usage of our car.', 'DONE', '2022-05-24 00:00:00.000000', '2022-05-25 00:00:00.000000', 1000000007, 1000000021, NULL),
       (1000000018, 'Security', 'We need to work on a security of our project', 'TODO', '2022-05-24 00:00:00.000000', '2022-05-25 00:00:00.000000', 1000000008, 1000000024, NULL),
       (1000000019, 'Part 3', 'We need to finish part 3 of our project', 'TODO', '2022-05-24 00:00:00.000000', '2022-05-25 00:00:00.000000', 1000000008, 1000000024, NULL),
       (1000000020, 'Finish', 'We need to finish our project', 'TODO', '2022-05-24 00:00:00.000000', '2022-05-25 00:00:00.000000', 1000000008, 1000000018, NULL),
       (1000000021, 'Part 2', 'We need to finish part 2 of our project', 'IN_PROGRESS', '2022-05-24 00:00:00.000000', '2022-05-25 00:00:00.000000', 1000000008, 1000000014, NULL),
       (1000000022, 'Start', 'Im going to start building the gel electrophoresis machine.', 'IN_PROGRESS', '2022-05-24 00:00:00.000000', '2022-05-25 00:00:00.000000', 1000000008, 1000000018, NULL),
       (1000000023, 'Inefficiency', 'The project doesnt recognizes mixtures of DNA properly', 'DONE', '2022-05-24 00:00:00.000000', '2022-05-25 00:00:00.000000', 1000000008, 1000000018, NULL),
       (1000000024, 'Find the relationship', 'Find the relationship between Game Theory and Algebraic Geometry', 'TODO', '2022-05-24 00:00:00.000000', '2022-05-25 00:00:00.000000', 1000000009, 1000000017, NULL),
       (1000000025, 'Find the mistake', 'Somehow, the results are false', 'TODO', '2022-05-24 00:00:00.000000', '2022-05-25 00:00:00.000000', 1000000009, 1000000025, NULL),
       (1000000026, 'Finish your part', 'Finish your part of the tasks', 'IN_PROGRESS', '2022-05-24 00:00:00.000000', '2022-05-25 00:00:00.000000', 1000000009, 1000000017, NULL),
       (1000000027, 'Finish your part', 'Finish your part of the tasks', 'IN_PROGRESS', '2022-05-24 00:00:00.000000', '2022-05-25 00:00:00.000000', 1000000009, 1000000019, NULL),
       (1000000028, 'Finish your part', 'Finish your part of the tasks', 'IN_PROGRESS', '2022-05-24 00:00:00.000000', '2022-05-25 00:00:00.000000', 1000000009, 1000000025, NULL),
       (1000000029, 'Update equations', 'We need to type all the equations for Nash equilibrium', 'TODO', '2022-05-24 00:00:00.000000', '2022-05-25 00:00:00.000000', 1000000009, 1000000019, NULL);


INSERT INTO profile_category (profile_id, category_id)
VALUES (1000000001, 1),
       (1000000001, 2),
       (1000000001, 5),
       (1000000002, 1),
       (1000000003, 2),
       (1000000003, 3),
       (1000000004, 8),
       (1000000005, 10),
       (1000000005, 19),
       (1000000006, 13),
       (1000000006, 12),
       (1000000007, 4),
       (1000000007, 10),
       (1000000007, 18),
       (1000000008, 1),
       (1000000008, 20),
       (1000000008, 2),
       (1000000009, 11),
       (1000000009, 16),
       (1000000010, 15),
       (1000000010, 17),
       (1000000011, 6),
       (1000000011, 15),
       (1000000012, 14),
       (1000000012, 13),
       (1000000012, 2),
       (1000000013, 16),
       (1000000013, 14),
       (1000000013, 13),
       (1000000014, 7),
       (1000000014, 2),
       (1000000015, 9),
       (1000000016, 1),
       (1000000016, 3),
       (1000000017, 8),
       (1000000018, 12),
       (1000000018, 9),
       (1000000019, 20),
       (1000000019, 6),
       (1000000020, 1),
       (1000000020, 13),
       (1000000021, 1),
       (1000000022, 1),
       (1000000023, 1),
       (1000000023, 13),
       (1000000024, 8),
       (1000000024, 15),
       (1000000025, 13),
       (1000000025, 14),
       (1000000026, 2),
       (1000000027, 1),
       (1000000027, 2),
       (1000000028, 1),
       (1000000028, 2),
       (1000000029, 8),
       (1000000030, 13);


INSERT INTO project_category (project_id, category_id)
VALUES (1000000001, 1),
       (1000000001, 2),
       (1000000001, 3),
       (1000000002, 1),
       (1000000002, 5),
       (1000000002, 14),
       (1000000002, 11),
       (1000000003, 16),
       (1000000003, 14),
       (1000000003, 11),
       (1000000004, 1),
       (1000000004, 2),
       (1000000004, 3),
       (1000000004, 18),
       (1000000004, 19),
       (1000000004, 10),
       (1000000004, 4),
       (1000000005, 14),
       (1000000005, 19),
       (1000000005, 10),
       (1000000005, 13),
       (1000000005, 2),
       (1000000006, 1),
       (1000000007, 2),
       (1000000008, 8),
       (1000000009, 1),
       (1000000009, 13);


INSERT INTO rating (id, value, profile_id, project_id)
VALUES (1000000001, 3, 1000000001, 1000000001),
       (1000000002, 1, 1000000002, 1000000001),
       (1000000003, 5, 1000000003, 1000000001),
       (1000000004, 2, 1000000015, 1000000002),
       (1000000005, 4, 1000000010, 1000000002),
       (1000000006, 5, 1000000005, 1000000002),
       (1000000007, 3, 1000000020, 1000000003),
       (1000000008, 1, 1000000012, 1000000003),
       (1000000009, 2, 1000000019, 1000000004),
       (1000000010, 3, 1000000006, 1000000005),
       (1000000011, 5, 1000000013, 1000000005),
       (1000000012, 4, 1000000009, 1000000005),
       (1000000013, 1, 1000000007, 1000000005),
       (1000000014, 4, 1000000016, 1000000005),
       (1000000015, 5, 1000000014, 1000000005);


INSERT INTO post (id, title, userr, datee, text)
VALUES (1000000001, 'Code editor suggestions', 1000000012, '2022-05-24 00:00:00.000000', 'Looking for a easy to use code editor, any suggestions?'),
       (1000000002, 'Project tasks', 1000000016, '2022-05-24 00:00:00.000000', 'Were can i create tasks in my Project?'),
       (1000000003, 'Project visibility', 1000000005, '2022-05-24 00:00:00.000000', 'Were can i change the visibility of my project'),
       (1000000004, 'Face Recognition Problem', 1000000022, '2022-05-24 00:00:00.000000', 'I have a problem with Face Recognition, when it recognizes me, it stops working.'),
       (1000000005, 'How to kick', 1000000025, '2022-05-24 00:00:00.000000', 'How to kick someone out of my project?'),
       (1000000006, 'Arduino problem', 1000000027, '2022-05-24 00:00:00.000000', 'Hello, somehow my car randomly disconnects during usage, how to fix this?');


INSERT INTO comment(id, text, datee, userr, post_id, project_id)
VALUES (1000000001, 'You can always use notebook, just kidding depending in what programing language you are working chose one. I would recommend IntelliJ for everyone something nice :).', '2022-05-24 00:00:00.000000', 1000000020, 1000000001, NULL),
       (1000000002, 'If you would like to just see code or write some and dont want to setup that much then Atom i think is a good option.', '2022-05-24 00:00:00.000000', 1000000001, 1000000001, NULL),
       (1000000003, 'I personally use Visual Studio Code so try it.', '2022-05-24 00:00:00.000000', 1000000002, 1000000001, NULL),
       (1000000004, 'You need to say more bc. we dont know if you would like a open source editor or a paid one, also you didnt say in what programing language so its a tricky question.', '2022-05-24 00:00:00.000000', 1000000008, 1000000001, NULL),
       (1000000005, 'For starters i would suggest Notepad++ no advanced setups and you can just start writing.', '2022-05-24 00:00:00.000000', 1000000016, 1000000001, NULL),
       (1000000006, 'In your project go to groups -> create task', '2022-05-24 00:00:00.000000', 1000000007, 1000000002, NULL),
       (1000000007, 'You need to go to your project settings edit project -> visibility to private', '2022-05-24 00:00:00.000000', 1000000015, 1000000003, NULL),
       (1000000008, 'Go to settings of the project and to change to private', '2022-05-24 00:00:00.000000', 1000000010, 1000000003, NULL),
       (1000000009, 'Have you tried restarting your application?', '2022-05-24 00:00:00.000000', 1000000027, 1000000004, NULL),
       (1000000010, 'Yes, it didnt change anything', '2022-05-24 00:00:00.000000', 1000000022, 1000000004, NULL),
       (1000000011, 'Try to rebuild the project then', '2022-05-24 00:00:00.000000', 1000000027, 1000000004, NULL),
       (1000000012, 'Wait, Im going to try it', '2022-05-24 00:00:00.000000', 1000000022, 1000000004, NULL),
       (1000000013, 'Thanks it worked!', '2022-05-24 00:00:00.000000', 1000000022, 1000000004, NULL);

